Top queries,Clicks,Impressions,CTR,Position
china sourcing agent australia,0,10,0%,73.9
visiting chinese factories,0,8,0%,24.38
china sourcing tour,0,7,0%,52.14
china business tours,0,7,0%,63.43
chinese wholesalers australia,0,5,0%,67.8
china business trip package,0,5,0%,69.6
winning,0,2,0%,4.5
exports,0,2,0%,7.5
importing australia,0,2,0%,83
exporter,0,1,0%,3
export and import,0,1,0%,5
event staffing,0,1,0%,11
importing,0,1,0%,43
how to start an import business in australia,0,1,0%,58
china sourcing company,0,1,0%,75
australian importing,0,1,0%,76
chinese importers in australia,0,1,0%,92